confidence,tolerance_model_px,tp,fp,fn,precision,recall,f1,mean_error_model_px,median_error_model_px,p95_error_model_px,fully_matched_images,image_count
0.05,4.0,332,40,27,0.8924731182795699,0.924791086350975,0.908344733242134,0.5256122829982233,0.43285855857219,1.1868170583790953,14,20
0.05,8.0,332,40,27,0.8924731182795699,0.924791086350975,0.908344733242134,0.5256122829982233,0.43285855857219,1.1868170583790953,14,20
0.05,12.0,333,39,26,0.8951612903225806,0.9275766016713092,0.9110807113543091,0.5572377383467578,0.4337463444812418,1.1998795150368289,14,20
0.05,16.0,333,39,26,0.8951612903225806,0.9275766016713092,0.9110807113543091,0.5572377383467578,0.4337463444812418,1.1998795150368289,14,20
0.1,4.0,332,28,27,0.9222222222222223,0.924791086350975,0.9235048678720446,0.5281371760287858,0.4345460867356041,1.1868170583790953,14,20
0.1,8.0,332,28,27,0.9222222222222223,0.924791086350975,0.9235048678720446,0.5281371760287858,0.4345460867356041,1.1868170583790953,14,20
0.1,12.0,333,27,26,0.925,0.9275766016713092,0.9262865090403338,0.5597550491159674,0.4353458289899664,1.1998795150368289,14,20
0.1,16.0,333,27,26,0.925,0.9275766016713092,0.9262865090403338,0.5597550491159674,0.4353458289899664,1.1998795150368289,14,20
0.2,4.0,326,14,33,0.9588235294117647,0.9080779944289693,0.932761087267525,0.5246112618825717,0.4313699751872735,1.1758448318287522,12,20
0.2,8.0,326,14,33,0.9588235294117647,0.9080779944289693,0.932761087267525,0.5246112618825717,0.4313699751872735,1.1758448318287522,12,20
0.2,12.0,327,13,32,0.961764705882353,0.9108635097493036,0.9356223175965664,0.5568200620421365,0.4319707726631382,1.191056848473571,12,20
0.2,16.0,327,13,32,0.961764705882353,0.9108635097493036,0.9356223175965664,0.5568200620421365,0.4319707726631382,1.191056848473571,12,20
0.25,4.0,324,12,35,0.9642857142857143,0.9025069637883009,0.9323741007194244,0.5154203485170513,0.4290904089497032,1.1593291982415608,12,20
0.25,8.0,324,12,35,0.9642857142857143,0.9025069637883009,0.9323741007194244,0.5154203485170513,0.4290904089497032,1.1593291982415608,12,20
0.25,12.0,325,11,34,0.9672619047619048,0.9052924791086351,0.935251798561151,0.5478556364110304,0.4307691777114088,1.1765129527048097,12,20
0.25,16.0,325,11,34,0.9672619047619048,0.9052924791086351,0.935251798561151,0.5478556364110304,0.4307691777114088,1.1765129527048097,12,20
0.3,4.0,321,10,38,0.9697885196374623,0.8941504178272981,0.9304347826086956,0.5140596130485309,0.42741164018799754,1.1658230186878922,12,20
0.3,8.0,321,10,38,0.9697885196374623,0.8941504178272981,0.9304347826086956,0.5140596130485309,0.42741164018799754,1.1658230186878922,12,20
0.3,12.0,322,9,37,0.972809667673716,0.8969359331476323,0.9333333333333333,0.546801318952294,0.4290904089497032,1.1785173153329815,12,20
0.3,16.0,322,9,37,0.972809667673716,0.8969359331476323,0.9333333333333333,0.546801318952294,0.4290904089497032,1.1785173153329815,12,20
0.4,4.0,317,6,42,0.9814241486068112,0.883008356545961,0.9296187683284457,0.5140063969027336,0.4307691777114088,1.1684955021921215,11,20
0.4,8.0,317,6,42,0.9814241486068112,0.883008356545961,0.9296187683284457,0.5140063969027336,0.4307691777114088,1.1684955021921215,11,20
0.4,12.0,318,5,41,0.9845201238390093,0.8857938718662952,0.9325513196480938,0.5471601155101472,0.4313699751872735,1.181729310265724,11,20
0.4,16.0,318,5,41,0.9845201238390093,0.8857938718662952,0.9325513196480938,0.5471601155101472,0.4313699751872735,1.181729310265724,11,20
0.5,4.0,314,4,45,0.9874213836477987,0.8746518105849582,0.9276218611521418,0.5147836173130604,0.4290904089497032,1.1704998648202931,11,20
0.5,8.0,314,4,45,0.9874213836477987,0.8746518105849582,0.9276218611521418,0.5147836173130604,0.4290904089497032,1.1704998648202931,11,20
0.5,12.0,315,3,44,0.9905660377358491,0.8774373259052924,0.9305760709010339,0.548250618255115,0.4307691777114088,1.1842731843224101,11,20
0.5,16.0,315,3,44,0.9905660377358491,0.8774373259052924,0.9305760709010339,0.548250618255115,0.4307691777114088,1.1842731843224101,11,20
