image,gallery_file,ground_truth_dots,predicted_dots,matched,missed,false_positive,recall,mean_error_model_px,p95_error_model_px,complete
100_png.rf.1d10e5312c53cc3fb4e0bf319dd466ba.jpg,100_png.rf.1d10e5312c53cc3fb4e0bf319dd466ba_dot_centers.jpg,18,12,12,6,0,0.6666666666666666,0.6298655856796693,1.253284491280702,False
108_png.rf.7bd2f9160e38391af93d2d6ebaaf966a.jpg,108_png.rf.7bd2f9160e38391af93d2d6ebaaf966a_dot_centers.jpg,18,17,17,1,0,0.9444444444444444,0.48705367711220576,1.0186205398594284,False
117_png.rf.8cc2251ee5c44b6bd3734b39795c7cc9.jpg,117_png.rf.8cc2251ee5c44b6bd3734b39795c7cc9_dot_centers.jpg,18,18,18,0,0,1.0,0.5391538763570871,0.9399471445597071,True
129_png.rf.eb2bbec526ed5285770c494673de2c04.jpg,129_png.rf.eb2bbec526ed5285770c494673de2c04_dot_centers.jpg,18,15,15,3,0,0.8333333333333334,0.6510468131946405,1.7107886242778743,False
142_png.rf.7094e2d69746d686d71b971d474ae84d.jpg,142_png.rf.7094e2d69746d686d71b971d474ae84d_dot_centers.jpg,18,18,18,0,0,1.0,0.5459906238538075,1.2753128027212361,True
147_png.rf.f75092db32c867f5974bd801ebff4919.jpg,147_png.rf.f75092db32c867f5974bd801ebff4919_dot_centers.jpg,18,16,16,2,0,0.8888888888888888,0.6678346480999157,1.678648073368654,False
156_png.rf.be7d3c328dad9ee7e3722259541a79d5.jpg,156_png.rf.be7d3c328dad9ee7e3722259541a79d5_dot_centers.jpg,18,18,18,0,0,1.0,0.45241585446822136,0.6743702777275143,True
171_png.rf.e0f78688a6d730302708d2eec60a4bdf.jpg,171_png.rf.e0f78688a6d730302708d2eec60a4bdf_dot_centers.jpg,18,19,18,0,1,1.0,0.4741196104274846,0.7802563572620332,True
175_png.rf.3bb291132648e4ddc6318584b8fab3f6.jpg,175_png.rf.3bb291132648e4ddc6318584b8fab3f6_dot_centers.jpg,18,10,10,8,0,0.5555555555555556,0.7079246909329928,1.259001061958169,False
179_png.rf.61fcb6e012295881e5f82e05b6d15283.jpg,179_png.rf.61fcb6e012295881e5f82e05b6d15283_dot_centers.jpg,18,18,17,1,1,0.9444444444444444,0.38276505566010444,0.7448317836580433,False
180_png.rf.d95ed08408ababb588c6d1af919a1ba5.jpg,180_png.rf.d95ed08408ababb588c6d1af919a1ba5_dot_centers.jpg,18,15,14,4,1,0.7777777777777778,0.9205929209433128,1.5961245035190323,False
190_png.rf.24ed612fdc752703c31861be4bc95545.jpg,190_png.rf.24ed612fdc752703c31861be4bc95545_dot_centers.jpg,18,18,18,0,0,1.0,0.6012443343251513,1.3150839961748715,True
19_png.rf.9bdb39240f3b93c04a458babb9612353.jpg,19_png.rf.9bdb39240f3b93c04a458babb9612353_dot_centers.jpg,18,18,18,0,0,1.0,0.36166122253566746,0.6567543751903646,True
20_png.rf.52c78aebcebbb16b65b30edf6e6dc4a5.jpg,20_png.rf.52c78aebcebbb16b65b30edf6e6dc4a5_dot_centers.jpg,18,18,18,0,0,1.0,0.3882235735050335,0.7132883706424175,True
29_png.rf.6123f6b17b0b0752cc729beefa04a070.jpg,29_png.rf.6123f6b17b0b0752cc729beefa04a070_dot_centers.jpg,17,18,17,0,1,1.0,0.43344434464058434,0.7169023858269787,True
2_png.rf.e294eab9e1b8504f18e1964e03f9e9e5.jpg,2_png.rf.e294eab9e1b8504f18e1964e03f9e9e5_dot_centers.jpg,18,1,1,17,0,0.05555555555555555,1.1049555344943185,1.1049555344943185,False
32_png.rf.1edd41098eb074d061f00c09470d90cf.jpg,32_png.rf.1edd41098eb074d061f00c09470d90cf_dot_centers.jpg,18,18,18,0,0,1.0,0.27316934453309083,0.44779309890731733,True
77_png.rf.255db85931c9fbf597fd7c63e341d1dc.jpg,77_png.rf.255db85931c9fbf597fd7c63e341d1dc_dot_centers.jpg,18,18,18,0,0,1.0,0.37957120842447184,0.6972832618824458,True
78_png.rf.e4113b07a8da6a1795e7bb7519fab19a.jpg,78_png.rf.e4113b07a8da6a1795e7bb7519fab19a_dot_centers.jpg,18,18,18,0,0,1.0,0.4525508652542916,0.8171488205074993,True
94_png.rf.914de818a4ff0d086b7cb41abc8b95fd.jpg,94_png.rf.914de818a4ff0d086b7cb41abc8b95fd_dot_centers.jpg,18,15,15,3,0,0.8333333333333334,0.6652551560839554,1.8602753703491852,False
