image,gt_x_original_px,gt_y_original_px,prediction_x_original_px,prediction_y_original_px,distance_original_px,distance_model_px,prediction_confidence
100_png.rf.1d10e5312c53cc3fb4e0bf319dd466ba.jpg,704.000000064,729.9999999720001,703.3543701171875,729.976318359375,0.6460641198810241,0.6460641198810241,0.7728147506713867
100_png.rf.1d10e5312c53cc3fb4e0bf319dd466ba.jpg,420.999999936,552.5000000279999,421.92108154296875,553.52490234375,1.3779753566468445,1.3779753566468445,0.740937352180481
100_png.rf.1d10e5312c53cc3fb4e0bf319dd466ba.jpg,541.5,489.499999956,540.4205932617188,490.1406555175781,1.2552125139704178,1.2552125139704178,0.7066575884819031
100_png.rf.1d10e5312c53cc3fb4e0bf319dd466ba.jpg,1412.4999999360002,625.5000000360001,1413.02197265625,628.0133056640625,2.566936053105963,2.566936053105963,0.6548977494239807
100_png.rf.1d10e5312c53cc3fb4e0bf319dd466ba.jpg,1479.0,555.0000000119999,1477.9892578125,555.52490234375,1.138912739181104,1.138912739181104,0.7627807259559631
100_png.rf.1d10e5312c53cc3fb4e0bf319dd466ba.jpg,1629.5000000640002,384.00000004800006,1629.857666015625,384.45855712890625,0.5815492493339285,0.5815492493339285,0.6669790744781494
100_png.rf.1d10e5312c53cc3fb4e0bf319dd466ba.jpg,1671.5000000640002,339.000000012,1670.779052734375,339.4412841796875,0.845279107008694,0.845279107008694,0.527756929397583
100_png.rf.1d10e5312c53cc3fb4e0bf319dd466ba.jpg,1221.0,236.999999952,1221.9085693359375,236.9538116455078,0.9097425997844256,0.9097425997844256,0.5039240717887878
100_png.rf.1d10e5312c53cc3fb4e0bf319dd466ba.jpg,974.000000064,261.00000003599996,973.662109375,260.43994140625,0.6540915734591767,0.6540915734591767,0.5956512689590454
100_png.rf.1d10e5312c53cc3fb4e0bf319dd466ba.jpg,903.0,297.0,903.4114990234375,297.1639404296875,0.44295362147310446,0.44295362147310446,0.6043540239334106
100_png.rf.1d10e5312c53cc3fb4e0bf319dd466ba.jpg,825.999999936,338.00000004,825.52880859375,338.32861328125,0.5744631783989282,0.5744631783989282,0.6255527138710022
100_png.rf.1d10e5312c53cc3fb4e0bf319dd466ba.jpg,646.5,432.99999997199996,646.3416748046875,433.76544189453125,0.7816445510838966,0.7816445510838966,0.6415994167327881
100_png.rf.1d10e5312c53cc3fb4e0bf319dd466ba.jpg,1586.000000064,435.99999999600004,1585.0,434.78204345703125,1.5758864993446875,1.5758864993446875,0.6558050513267517
100_png.rf.1d10e5312c53cc3fb4e0bf319dd466ba.jpg,492.0,687.99999996,492.6669921875,689.279052734375,1.4425167513143482,1.4425167513143482,0.7482445240020752
100_png.rf.1d10e5312c53cc3fb4e0bf319dd466ba.jpg,1338.999999936,712.000000044,1337.74755859375,710.9801025390625,1.615178081932356,1.615178081932356,0.6633206009864807
100_png.rf.1d10e5312c53cc3fb4e0bf319dd466ba.jpg,930.0,774.0000000360001,929.99853515625,774.001708984375,0.0022508380128468076,0.0022508380128468076,0.6992737054824829
108_png.rf.7bd2f9160e38391af93d2d6ebaaf966a.jpg,1392.5000000639998,869.5000000079999,1391.578125,868.5392456054688,1.3315039074698998,1.3315039074698998,0.6411224603652954
108_png.rf.7bd2f9160e38391af93d2d6ebaaf966a.jpg,1572.5000000639998,817.499999952,1573.02001953125,818.03271484375,0.7444497311513805,0.7444497311513805,0.6419639587402344
108_png.rf.7bd2f9160e38391af93d2d6ebaaf966a.jpg,1734.5000000640002,772.500000024,1733.267822265625,772.59765625,1.23604161147002,1.23604161147002,0.6170095205307007
108_png.rf.7bd2f9160e38391af93d2d6ebaaf966a.jpg,918.0,833.000000004,918.0135498046875,832.9146118164062,0.08645657746873638,0.08645657746873638,0.6284835934638977
108_png.rf.7bd2f9160e38391af93d2d6ebaaf966a.jpg,787.5,762.49999998,787.24267578125,762.9681396484375,0.5342008074873017,0.5342008074873017,0.6257912516593933
108_png.rf.7bd2f9160e38391af93d2d6ebaaf966a.jpg,677.499999936,702.50000004,677.11767578125,702.9505615234375,0.5909123536216432,0.5909123536216432,0.5386474132537842
108_png.rf.7bd2f9160e38391af93d2d6ebaaf966a.jpg,365.499999936,533.999999952,365.9635925292969,533.5131225585938,0.67228542210124,0.67228542210124,0.582392692565918
108_png.rf.7bd2f9160e38391af93d2d6ebaaf966a.jpg,617.000000064,458.49999995999997,614.794189453125,457.5484619140625,2.4022957985883546,2.4022957985883546,0.5040963888168335
108_png.rf.7bd2f9160e38391af93d2d6ebaaf966a.jpg,741.500000064,443.999999988,741.5057373046875,444.64569091796875,0.645716418387049,0.645716418387049,0.5774486064910889
117_png.rf.8cc2251ee5c44b6bd3734b39795c7cc9.jpg,685.5,817.499999952,684.953857421875,818.258056640625,0.9343027661363535,0.9343027661363535,0.7657743692398071
117_png.rf.8cc2251ee5c44b6bd3734b39795c7cc9.jpg,966.999999936,817.00000002,967.531982421875,818.48291015625,1.5754452822839315,1.5754452822839315,0.7454848885536194
117_png.rf.8cc2251ee5c44b6bd3734b39795c7cc9.jpg,1249.5,818.9999999639999,1250.678955078125,818.87158203125,1.1859284302555906,1.1859284302555906,0.7700659036636353
117_png.rf.8cc2251ee5c44b6bd3734b39795c7cc9.jpg,1572.500000064,699.500000016,1571.1575927734375,699.2999267578125,1.357234925279005,1.357234925279005,0.8128690719604492
117_png.rf.8cc2251ee5c44b6bd3734b39795c7cc9.jpg,1542.999999936,613.99999998,1543.7060546875,615.1781005859375,1.3734752818402216,1.3734752818402216,0.7432379126548767
117_png.rf.8cc2251ee5c44b6bd3734b39795c7cc9.jpg,1518.999999936,539.0000000279999,1518.697509765625,537.4342651367188,1.594686819707489,1.594686819707489,0.7524973154067993
117_png.rf.8cc2251ee5c44b6bd3734b39795c7cc9.jpg,366.0,694.5000000480001,366.62469482421875,695.316650390625,1.028183546607864,1.028183546607864,0.7489755153656006
117_png.rf.8cc2251ee5c44b6bd3734b39795c7cc9.jpg,395.499999936,609.9999999839999,394.81292724609375,610.8582763671875,1.099412220758219,1.099412220758219,0.7061983346939087
117_png.rf.8cc2251ee5c44b6bd3734b39795c7cc9.jpg,421.5,535.000000032,421.4794921875,533.5633544921875,1.436791904708783,1.436791904708783,0.7937014102935791
117_png.rf.8cc2251ee5c44b6bd3734b39795c7cc9.jpg,467.000000064,399.49999999199997,467.7906494140625,399.66278076171875,0.8072322923077864,0.8072322923077864,0.7703791260719299
117_png.rf.8cc2251ee5c44b6bd3734b39795c7cc9.jpg,488.499999936,340.500000024,488.3074645996094,339.5498962402344,0.9694158321818127,0.9694158321818127,0.7027536034584045
117_png.rf.8cc2251ee5c44b6bd3734b39795c7cc9.jpg,506.99999999999994,285.000000012,506.497314453125,284.5755310058594,0.6579260567958678,0.6579260567958678,0.7183069586753845
117_png.rf.8cc2251ee5c44b6bd3734b39795c7cc9.jpg,1475.4999999359998,404.49999995999997,1474.7919921875,403.07037353515625,1.5953390506557348,1.5953390506557348,0.6820250749588013
117_png.rf.8cc2251ee5c44b6bd3734b39795c7cc9.jpg,1455.0,343.50000004799995,1455.3287353515625,343.24151611328125,0.4181876084660809,0.4181876084660809,0.707615315914154
117_png.rf.8cc2251ee5c44b6bd3734b39795c7cc9.jpg,1436.499999936,288.00000003599996,1436.567626953125,287.8330078125,0.1801660793675837,0.1801660793675837,0.72649085521698
117_png.rf.8cc2251ee5c44b6bd3734b39795c7cc9.jpg,972.0,220.999999968,971.6288452148438,221.79029846191406,0.8731137291482832,0.8731137291482832,0.7474203109741211
117_png.rf.8cc2251ee5c44b6bd3734b39795c7cc9.jpg,1167.5000000639998,222.000000048,1166.4921875,222.2739715576172,1.0443881233706773,1.0443881233706773,0.6950321197509766
129_png.rf.eb2bbec526ed5285770c494673de2c04.jpg,1437.999999936,775.0000000079999,1438.1661376953125,775.1778564453125,0.24338173177727468,0.24338173177727468,0.7139415740966797
129_png.rf.eb2bbec526ed5285770c494673de2c04.jpg,1664.000000064,729.50000004,1663.93701171875,729.5931396484375,0.11243895364694023,0.11243895364694023,0.7212537527084351
129_png.rf.eb2bbec526ed5285770c494673de2c04.jpg,1866.999999936,690.0000000119999,1867.218505859375,688.95849609375,1.0641782041931709,1.0641782041931709,0.5859188437461853
129_png.rf.eb2bbec526ed5285770c494673de2c04.jpg,915.500000064,718.999999956,915.687744140625,720.5283203125,1.5398087382529126,1.5398087382529126,0.581710159778595
129_png.rf.eb2bbec526ed5285770c494673de2c04.jpg,696.999999936,584.499999996,696.363525390625,583.8895263671875,0.8819171720665495,0.8819171720665495,0.544424831867218
129_png.rf.eb2bbec526ed5285770c494673de2c04.jpg,563.000000064,359.500000032,562.6124877929688,359.375732421875,0.4069498729892672,0.4069498729892672,0.5584887862205505
129_png.rf.eb2bbec526ed5285770c494673de2c04.jpg,711.0,346.000000032,710.7213134765625,345.9150390625,0.291349523226074,0.291349523226074,0.5396654009819031
142_png.rf.7094e2d69746d686d71b971d474ae84d.jpg,671.000000064,818.9999999639999,671.6390991210938,818.0164794921875,1.1729280128176027,1.1729280128176027,0.7559214234352112
142_png.rf.7094e2d69746d686d71b971d474ae84d.jpg,954.0,818.9999999639999,954.2886962890625,818.2366333007812,0.8161336960523526,0.8161336960523526,0.7409221529960632
142_png.rf.7094e2d69746d686d71b971d474ae84d.jpg,1236.5000000640002,820.499999976,1235.9014892578125,819.2281494140625,1.4056383023467636,1.4056383023467636,0.8022298812866211
142_png.rf.7094e2d69746d686d71b971d474ae84d.jpg,1557.0,699.500000016,1556.898681640625,699.2177124023438,0.2999195004832973,0.2999195004832973,0.7521278262138367
142_png.rf.7094e2d69746d686d71b971d474ae84d.jpg,1530.500000064,612.0000000360001,1529.1927490234375,614.466552734375,2.791556464933565,2.791556464933565,0.714181661605835
142_png.rf.7094e2d69746d686d71b971d474ae84d.jpg,1505.4999999359998,535.4999999639999,1505.0557861328125,537.337646484375,1.890574155326554,1.890574155326554,0.7708433270454407
142_png.rf.7094e2d69746d686d71b971d474ae84d.jpg,1461.5000000640002,402.50000001599994,1460.33984375,402.75494384765625,1.1878379646291009,1.1878379646291009,0.6271666288375854
142_png.rf.7094e2d69746d686d71b971d474ae84d.jpg,1442.0000000640002,343.00000000800003,1440.961669921875,343.38909912109375,1.108840657559113,1.108840657559113,0.6983627676963806
142_png.rf.7094e2d69746d686d71b971d474ae84d.jpg,1422.9999999359998,288.00000003599996,1423.004638671875,287.5633544921875,0.4366701830922274,0.4366701830922274,0.708980143070221
142_png.rf.7094e2d69746d686d71b971d474ae84d.jpg,352.5,695.999999952,352.30352783203125,695.5321044921875,0.5074716485672288,0.5074716485672288,0.7441969513893127
142_png.rf.7094e2d69746d686d71b971d474ae84d.jpg,382.5,609.9999999839999,381.3721618652344,611.083251953125,1.5637946434378525,1.5637946434378525,0.7076991200447083
142_png.rf.7094e2d69746d686d71b971d474ae84d.jpg,407.499999936,533.999999952,407.5032958984375,533.7012939453125,0.2987241901815349,0.2987241901815349,0.6465068459510803
142_png.rf.7094e2d69746d686d71b971d474ae84d.jpg,453.500000064,399.49999999199997,453.7048645019531,399.7589111328125,0.33015816932902464,0.33015816932902464,0.6962556838989258
142_png.rf.7094e2d69746d686d71b971d474ae84d.jpg,492.999999936,284.49999997200007,492.81744384765625,285.01849365234375,0.5496930251947032,0.5496930251947032,0.7428413033485413
142_png.rf.7094e2d69746d686d71b971d474ae84d.jpg,762.999999936,221.500000008,763.3154296875,221.1689453125,0.45726703308237,0.45726703308237,0.7156049013137817
142_png.rf.7094e2d69746d686d71b971d474ae84d.jpg,957.999999936,221.500000008,957.9368286132812,221.78746032714844,0.2943196410349757,0.2943196410349757,0.722743570804596
142_png.rf.7094e2d69746d686d71b971d474ae84d.jpg,1154.0000000640002,222.000000048,1152.55029296875,222.513671875,1.5380212637907127,1.5380212637907127,0.6212913990020752
147_png.rf.f75092db32c867f5974bd801ebff4919.jpg,474.500000064,209.50000002,473.178955078125,210.38104248046875,1.5878903211035529,1.5878903211035529,0.5778436064720154
147_png.rf.f75092db32c867f5974bd801ebff4919.jpg,636.999999936,209.50000002,637.3787841796875,209.9139404296875,0.561091940806657,0.561091940806657,0.5960490107536316
147_png.rf.f75092db32c867f5974bd801ebff4919.jpg,801.0,209.50000002,800.64990234375,209.54396057128906,0.3528468491872679,0.3528468491872679,0.6109356880187988
147_png.rf.f75092db32c867f5974bd801ebff4919.jpg,1127.0000000640002,208.99999997999998,1127.63916015625,209.10604858398438,0.6478980860689196,0.6478980860689196,0.6480823159217834
147_png.rf.f75092db32c867f5974bd801ebff4919.jpg,1292.4999999360002,209.50000002000002,1290.7828369140625,210.1275634765625,1.828246355369796,1.828246355369796,0.6724230647087097
147_png.rf.f75092db32c867f5974bd801ebff4919.jpg,1454.000000064,209.50000002000002,1454.9801025390625,210.14569091796875,1.1736769561268972,1.1736769561268972,0.6066536903381348
147_png.rf.f75092db32c867f5974bd801ebff4919.jpg,1661.499999936,399.49999999199997,1662.836181640625,398.8110046386719,1.503361614742871,1.503361614742871,0.7732160091400146
147_png.rf.f75092db32c867f5974bd801ebff4919.jpg,1662.5000000639998,547.00000002,1662.255126953125,546.232177734375,0.8059242537186201,0.8059242537186201,0.6819218397140503
147_png.rf.f75092db32c867f5974bd801ebff4919.jpg,1662.5000000639998,690.5000000519999,1660.6981201171875,692.5660400390625,2.741403394406928,2.741403394406928,0.7258695363998413
147_png.rf.f75092db32c867f5974bd801ebff4919.jpg,1451.499999936,879.500000052,1451.1175537109375,879.8807983398438,0.5396966287547753,0.5396966287547753,0.5538314580917358
147_png.rf.f75092db32c867f5974bd801ebff4919.jpg,1125.999999936,880.500000024,1126.718505859375,879.8635864257812,0.9598296879773369,0.9598296879773369,0.5623313784599304
147_png.rf.f75092db32c867f5974bd801ebff4919.jpg,476.499999936,878.499999972,476.6170654296875,879.7318725585938,1.2374224821836664,1.2374224821836664,0.5592707991600037
147_png.rf.f75092db32c867f5974bd801ebff4919.jpg,267.500000064,690.9999999839999,266.6533203125,692.58154296875,1.793918842705052,1.793918842705052,0.7314356565475464
147_png.rf.f75092db32c867f5974bd801ebff4919.jpg,264.999999936,546.49999998,265.447021484375,545.96826171875,0.6946753509292982,0.6946753509292982,0.7919942140579224
147_png.rf.f75092db32c867f5974bd801ebff4919.jpg,264.999999936,397.99999998,264.5599060058594,399.0074462890625,1.0993774297257075,1.0993774297257075,0.8359975218772888
156_png.rf.be7d3c328dad9ee7e3722259541a79d5.jpg,1182.0,881.4999999959999,1182.911376953125,880.9847412109375,1.0469477380802819,1.0469477380802819,0.6810193061828613
156_png.rf.be7d3c328dad9ee7e3722259541a79d5.jpg,1365.9999999359998,820.000000044,1365.68408203125,819.9215087890625,0.325522656113434,0.325522656113434,0.6213077902793884
156_png.rf.be7d3c328dad9ee7e3722259541a79d5.jpg,1527.9999999359998,765.500000004,1527.5709228515625,766.324462890625,0.9294332659267599,0.9294332659267599,0.5916476845741272
156_png.rf.be7d3c328dad9ee7e3722259541a79d5.jpg,705.500000064,854.499999996,705.7846069335938,853.8465576171875,0.7127327778684974,0.7127327778684974,0.5387749075889587
156_png.rf.be7d3c328dad9ee7e3722259541a79d5.jpg,573.500000064,779.000000004,574.58447265625,778.132568359375,1.3887110791803248,1.3887110791803248,0.5713779926300049
156_png.rf.be7d3c328dad9ee7e3722259541a79d5.jpg,461.000000064,713.4999999480001,461.74322509765625,712.7945556640625,1.0247121978358376,1.0247121978358376,0.6062871813774109
156_png.rf.be7d3c328dad9ee7e3722259541a79d5.jpg,404.499999936,433.500000012,404.8653564453125,432.6842041015625,0.8938726678803568,0.8938726678803568,0.5092839002609253
171_png.rf.e0f78688a6d730302708d2eec60a4bdf.jpg,1332.5000000639998,930.99999996,1331.91015625,930.12060546875,1.0588911162884478,1.0588911162884478,0.6331289410591125
171_png.rf.e0f78688a6d730302708d2eec60a4bdf.jpg,1551.5000000640002,879.500000052,1551.4686279296875,880.0943603515625,0.5951876817503357,0.5951876817503357,0.6972447037696838
171_png.rf.e0f78688a6d730302708d2eec60a4bdf.jpg,1748.0000000639998,835.499999988,1747.9547119140625,834.6734619140625,0.8277778712873856,0.8277778712873856,0.6779829263687134
171_png.rf.e0f78688a6d730302708d2eec60a4bdf.jpg,1464.9999999360002,587.9999999519999,1465.2911376953125,587.4276123046875,0.64217506467726,0.64217506467726,0.705120325088501
171_png.rf.e0f78688a6d730302708d2eec60a4bdf.jpg,852.0,867.000000024,851.3837280273438,867.56689453125,0.8373532866310827,0.8373532866310827,0.6485345959663391
171_png.rf.e0f78688a6d730302708d2eec60a4bdf.jpg,659.000000064,712.000000044,659.2216796875,712.0323486328125,0.22402742393122385,0.22402742393122385,0.6068848967552185
171_png.rf.e0f78688a6d730302708d2eec60a4bdf.jpg,414.999999936,515.000000052,415.4092712402344,513.3282470703125,1.7211220271238235,1.7211220271238235,0.5323372483253479
175_png.rf.3bb291132648e4ddc6318584b8fab3f6.jpg,1318.5,748.500000048,1318.658203125,747.774658203125,0.7423941141242686,0.7423941141242686,0.649151086807251
175_png.rf.3bb291132648e4ddc6318584b8fab3f6.jpg,1455.5000000639998,625.5000000360001,1455.3690185546875,625.427001953125,0.149949577809204,0.149949577809204,0.5172463059425354
175_png.rf.3bb291132648e4ddc6318584b8fab3f6.jpg,1358.4999999359998,588.499999992,1357.498779296875,586.6904296875,2.0680878741333806,2.0680878741333806,0.5984744429588318
175_png.rf.3bb291132648e4ddc6318584b8fab3f6.jpg,859.5,444.50000002800004,859.7008056640625,444.8123474121094,0.3713270836870413,0.3713270836870413,0.6877025365829468
175_png.rf.3bb291132648e4ddc6318584b8fab3f6.jpg,582.0,505.500000048,581.279052734375,505.03204345703125,0.8595047008849119,0.8595047008849119,0.506787121295929
175_png.rf.3bb291132648e4ddc6318584b8fab3f6.jpg,675.0,462.99999999600004,676.3856201171875,462.5419921875,1.459354056355658,1.459354056355658,0.5699031352996826
179_png.rf.61fcb6e012295881e5f82e05b6d15283.jpg,1312.5,917.000000028,1312.0982666015625,918.0155029296875,1.0920786907342273,1.0920786907342273,0.6425402760505676
179_png.rf.61fcb6e012295881e5f82e05b6d15283.jpg,1494.5000000640002,860.999999976,1495.092529296875,861.065185546875,0.5961040600947594,0.5961040600947594,0.5783037543296814
179_png.rf.61fcb6e012295881e5f82e05b6d15283.jpg,1656.0,810.50000004,1656.74072265625,810.5892333984375,0.7460781766946982,0.7460781766946982,0.5636568665504456
179_png.rf.61fcb6e012295881e5f82e05b6d15283.jpg,841.5,882.000000036,841.5303955078125,882.2294921875,0.23149629477660522,0.23149629477660522,0.5179406404495239
179_png.rf.61fcb6e012295881e5f82e05b6d15283.jpg,713.000000064,806.500000044,712.78955078125,806.5887451171875,0.22839568433980595,0.22839568433980595,0.5430788397789001
179_png.rf.61fcb6e012295881e5f82e05b6d15283.jpg,546.999999936,470.499999948,546.16162109375,470.9620666503906,0.9572798548964692,0.9572798548964692,0.5327897667884827
179_png.rf.61fcb6e012295881e5f82e05b6d15283.jpg,675.0,454.000000032,675.0997314453125,454.16717529296875,0.19466363056331032,0.19466363056331032,0.5558745861053467
179_png.rf.61fcb6e012295881e5f82e05b6d15283.jpg,925.5,466.49999995200005,925.75830078125,465.56689453125,0.9681967877593344,0.9681967877593344,0.6001201868057251
180_png.rf.d95ed08408ababb588c6d1af919a1ba5.jpg,1251.0,778.0000000319999,1250.9752197265625,777.3834228515625,0.6170749398474692,0.6170749398474692,0.5976110696792603
180_png.rf.d95ed08408ababb588c6d1af919a1ba5.jpg,1367.000000064,561.499999992,1367.662353515625,562.18359375,0.9518468999036276,0.9518468999036276,0.5107574462890625
180_png.rf.d95ed08408ababb588c6d1af919a1ba5.jpg,990.999999936,456.999999948,991.2523193359375,455.88214111328125,1.1459814369978,1.1459814369978,0.5687288045883179
180_png.rf.d95ed08408ababb588c6d1af919a1ba5.jpg,654.0,645.9999999480001,653.885498046875,644.6261596679688,1.3786035732965602,1.3786035732965602,0.5634863376617432
180_png.rf.d95ed08408ababb588c6d1af919a1ba5.jpg,605.499999936,440.500000032,605.4195556640625,440.7056884765625,0.22085972270672882,0.22085972270672882,0.5284424424171448
190_png.rf.24ed612fdc752703c31861be4bc95545.jpg,737.499999936,827.499999996,736.7060546875,827.14697265625,0.8688943320258857,0.8688943320258857,0.7382651567459106
190_png.rf.24ed612fdc752703c31861be4bc95545.jpg,948.999999936,828.0000000360001,949.1458740234375,827.5552368164062,0.46807432197161714,0.46807432197161714,0.8018779754638672
190_png.rf.24ed612fdc752703c31861be4bc95545.jpg,1161.999999936,826.999999956,1161.36474609375,825.814453125,1.3450162573692368,1.3450162573692368,0.6999406218528748
190_png.rf.24ed612fdc752703c31861be4bc95545.jpg,1389.9999999360002,726.9999999480001,1387.364501953125,726.4698486328125,2.68829128532131,2.68829128532131,0.7534065842628479
190_png.rf.24ed612fdc752703c31861be4bc95545.jpg,1364.499999936,659.4999999480001,1364.07421875,657.275390625,2.2649892402240024,2.2649892402240024,0.7679829597473145
190_png.rf.24ed612fdc752703c31861be4bc95545.jpg,1344.5000000640002,596.0000000519999,1344.091796875,594.3345947265625,1.7147025227441721,1.7147025227441721,0.7260046601295471
190_png.rf.24ed612fdc752703c31861be4bc95545.jpg,1308.0,486.999999972,1307.78271484375,487.2819519042969,0.35596310377976226,0.35596310377976226,0.6630922555923462
190_png.rf.24ed612fdc752703c31861be4bc95545.jpg,1293.0,442.49999997599997,1292.4970703125,441.6969909667969,0.9475028967925023,0.9475028967925023,0.6985568404197693
190_png.rf.24ed612fdc752703c31861be4bc95545.jpg,1278.999999936,398.999999952,1279.283203125,399.47503662109375,0.5530496209595134,0.5530496209595134,0.6693059206008911
190_png.rf.24ed612fdc752703c31861be4bc95545.jpg,507.999999936,729.9999999720001,507.8314208984375,729.0439453125,0.9708034836450111,0.9708034836450111,0.7822322845458984
190_png.rf.24ed612fdc752703c31861be4bc95545.jpg,532.5,660.5000000279999,534.797119140625,658.6097412109375,2.9748671805154596,2.9748671805154596,0.7626934051513672
190_png.rf.24ed612fdc752703c31861be4bc95545.jpg,555.500000064,597.000000024,556.174072265625,598.322021484375,1.483952180730796,1.483952180730796,0.7912126779556274
190_png.rf.24ed612fdc752703c31861be4bc95545.jpg,594.999999936,490.999999968,595.3816528320312,489.3910217285156,1.6536232667035362,1.6536232667035362,0.7288010716438293
190_png.rf.24ed612fdc752703c31861be4bc95545.jpg,611.499999936,444.50000002800004,611.967041015625,442.00555419921875,2.537791828102079,2.537791828102079,0.7235385775566101
190_png.rf.24ed612fdc752703c31861be4bc95545.jpg,629.000000064,401.000000004,627.534912109375,400.8836975097656,1.4696969024096165,1.4696969024096165,0.7275522351264954
190_png.rf.24ed612fdc752703c31861be4bc95545.jpg,813.999999936,354.000000024,815.153076171875,353.70697021484375,1.189727395159834,1.189727395159834,0.6056141257286072
190_png.rf.24ed612fdc752703c31861be4bc95545.jpg,953.000000064,353.000000052,952.991943359375,353.02392578125,0.025245811723095802,0.025245811723095802,0.5468577146530151
190_png.rf.24ed612fdc752703c31861be4bc95545.jpg,1091.499999936,351.99999997200007,1090.8623046875,352.50164794921875,0.8113605382362791,0.8113605382362791,0.676712691783905
19_png.rf.9bdb39240f3b93c04a458babb9612353.jpg,364.5,720.499999968,365.2911376953125,719.5162353515625,1.2624150163471561,1.2624150163471561,0.6909630298614502
19_png.rf.9bdb39240f3b93c04a458babb9612353.jpg,394.5,624.999999996,394.31298828125,625.70361328125,0.7280419205856675,0.7280419205856675,0.769210159778595
19_png.rf.9bdb39240f3b93c04a458babb9612353.jpg,420.500000064,540.0,421.38275146484375,539.9759521484375,0.8830788950350731,0.8830788950350731,0.8278428912162781
19_png.rf.9bdb39240f3b93c04a458babb9612353.jpg,468.0,390.99999995999997,467.18365478515625,391.4950866699219,0.9547409911277438,0.9547409911277438,0.7983911633491516
19_png.rf.9bdb39240f3b93c04a458babb9612353.jpg,487.5,324.99999997199996,487.61279296875,324.91162109375,0.14329368416004543,0.14329368416004543,0.7508900761604309
19_png.rf.9bdb39240f3b93c04a458babb9612353.jpg,506.499999936,263.50000002,506.13067626953125,263.86962890625,0.5225184055746939,0.5225184055746939,0.7056925296783447
19_png.rf.9bdb39240f3b93c04a458babb9612353.jpg,777.0,192.99999999599999,777.0352172851562,192.61419677734375,0.3874072543193889,0.3874072543193889,0.7889677286148071
19_png.rf.9bdb39240f3b93c04a458babb9612353.jpg,971.499999936,193.50000003600002,971.540771484375,193.40750122070312,0.10108585454070206,0.10108585454070206,0.8081053495407104
19_png.rf.9bdb39240f3b93c04a458babb9612353.jpg,1166.000000064,194.50000000799997,1166.5919189453125,193.94476318359375,0.8115761783288993,0.8115761783288993,0.7849610447883606
19_png.rf.9bdb39240f3b93c04a458babb9612353.jpg,1435.5,266.999999976,1436.2191162109375,267.0487060546875,0.720763766385504,0.720763766385504,0.7309921979904175
19_png.rf.9bdb39240f3b93c04a458babb9612353.jpg,1454.4999999360002,328.50000003599996,1454.9072265625,328.0838623046875,0.5822406175734145,0.5822406175734145,0.7605412602424622
19_png.rf.9bdb39240f3b93c04a458babb9612353.jpg,1474.5,394.500000024,1474.65966796875,394.58587646484375,0.1812970582683172,0.1812970582683172,0.7594223618507385
19_png.rf.9bdb39240f3b93c04a458babb9612353.jpg,1517.4999999360002,543.999999996,1518.255859375,544.15625,0.771840369036918,0.771840369036918,0.7435333728790283
19_png.rf.9bdb39240f3b93c04a458babb9612353.jpg,1542.9999999359998,629.999999964,1542.76611328125,630.3116455078125,0.38964844699831797,0.38964844699831797,0.7433146834373474
19_png.rf.9bdb39240f3b93c04a458babb9612353.jpg,1569.9999999360002,723.4999999920001,1570.43798828125,723.6904907226562,0.47761962798921737,0.47761962798921737,0.7324326038360596
19_png.rf.9bdb39240f3b93c04a458babb9612353.jpg,1247.4999999360002,857.9999999519999,1248.761474609375,857.7440795898438,1.2871727092088916,1.2871727092088916,0.754431426525116
19_png.rf.9bdb39240f3b93c04a458babb9612353.jpg,965.000000064,856.500000048,966.201416015625,856.2490234375,1.2273506213943242,1.2273506213943242,0.7547775506973267
19_png.rf.9bdb39240f3b93c04a458babb9612353.jpg,682.5,856.000000008,683.9869995117188,855.5502319335938,1.5535310967621256,1.5535310967621256,0.7730109095573425
20_png.rf.52c78aebcebbb16b65b30edf6e6dc4a5.jpg,365.499999936,719.499999996,365.346923828125,719.5996704101562,0.18266495630039983,0.18266495630039983,0.779818058013916
20_png.rf.52c78aebcebbb16b65b30edf6e6dc4a5.jpg,393.999999936,625.9999999679999,394.23504638671875,625.823486328125,0.2939454014904203,0.2939454014904203,0.7715128064155579
20_png.rf.52c78aebcebbb16b65b30edf6e6dc4a5.jpg,421.5,539.49999996,421.39697265625,540.0902099609375,0.5991347751273179,0.5991347751273179,0.8298110365867615
20_png.rf.52c78aebcebbb16b65b30edf6e6dc4a5.jpg,466.5,390.99999995999997,467.3206481933594,391.33013916015625,0.8845650619054743,0.8845650619054743,0.8196309208869934
20_png.rf.52c78aebcebbb16b65b30edf6e6dc4a5.jpg,488.000000064,324.99999997199996,487.51031494140625,324.9434509277344,0.49293946250732623,0.49293946250732623,0.7811161875724792
20_png.rf.52c78aebcebbb16b65b30edf6e6dc4a5.jpg,506.000000064,263.999999952,506.1021728515625,263.8745422363281,0.1617990016653215,0.1617990016653215,0.7055342197418213
20_png.rf.52c78aebcebbb16b65b30edf6e6dc4a5.jpg,777.500000064,192.99999999599999,776.8759765625,192.5035400390625,0.7974194750987068,0.7974194750987068,0.7741525173187256
20_png.rf.52c78aebcebbb16b65b30edf6e6dc4a5.jpg,972.0,192.99999999599999,971.4985961914062,193.4029998779297,0.6432842949331747,0.6432842949331747,0.808614194393158
20_png.rf.52c78aebcebbb16b65b30edf6e6dc4a5.jpg,1165.5,193.999999968,1166.462890625,194.02291870117188,0.9631633423480642,0.9631633423480642,0.7970862984657288
20_png.rf.52c78aebcebbb16b65b30edf6e6dc4a5.jpg,1436.499999936,266.500000044,1436.37646484375,266.8369140625,0.35884812230112084,0.35884812230112084,0.7304025888442993
20_png.rf.52c78aebcebbb16b65b30edf6e6dc4a5.jpg,1454.0000000640002,328.50000003599996,1454.7381591796875,328.25042724609375,0.7792082247600944,0.7792082247600944,0.7618736028671265
20_png.rf.52c78aebcebbb16b65b30edf6e6dc4a5.jpg,1475.0000000639998,394.500000024,1474.648193359375,394.86572265625,0.507465270889382,0.507465270889382,0.7666640281677246
20_png.rf.52c78aebcebbb16b65b30edf6e6dc4a5.jpg,1518.0,543.999999996,1518.8759765625,544.2059326171875,0.8998573123103759,0.8998573123103759,0.7524844408035278
20_png.rf.52c78aebcebbb16b65b30edf6e6dc4a5.jpg,1542.0,629.500000032,1542.8087158203125,630.2574462890625,1.1080370527927785,1.1080370527927785,0.7586066722869873
20_png.rf.52c78aebcebbb16b65b30edf6e6dc4a5.jpg,1569.9999999360002,724.0000000320001,1570.52392578125,723.70556640625,0.6009903920139271,0.6009903920139271,0.8009824752807617
20_png.rf.52c78aebcebbb16b65b30edf6e6dc4a5.jpg,1248.0,857.50000002,1248.70556640625,857.5174560546875,0.7057823083469511,0.7057823083469511,0.7641416788101196
20_png.rf.52c78aebcebbb16b65b30edf6e6dc4a5.jpg,965.4999999359999,856.99999998,966.1668701171875,856.2745971679688,0.9853553055928759,0.9853553055928759,0.77647864818573
20_png.rf.52c78aebcebbb16b65b30edf6e6dc4a5.jpg,683.000000064,855.499999968,684.06005859375,855.5131225585938,1.060139749693224,1.060139749693224,0.7677430510520935
29_png.rf.6123f6b17b0b0752cc729beefa04a070.jpg,473.000000064,173.49999994799998,473.6014404296875,173.4883575439453,0.6015530392662641,0.6015530392662641,0.8485296964645386
29_png.rf.6123f6b17b0b0752cc729beefa04a070.jpg,636.999999936,173.49999994799998,637.2913818359375,173.11849975585938,0.48004771451857786,0.48004771451857786,0.8721818327903748
29_png.rf.6123f6b17b0b0752cc729beefa04a070.jpg,800.499999936,172.49999997600003,800.794189453125,172.6297607421875,0.3215358897973972,0.3215358897973972,0.8447432518005371
29_png.rf.6123f6b17b0b0752cc729beefa04a070.jpg,1127.0000000640002,172.000000044,1127.2861328125,172.48095703125,0.5596352145358956,0.5596352145358956,0.8351731896400452
29_png.rf.6123f6b17b0b0752cc729beefa04a070.jpg,1292.0000000640002,173.000000016,1291.390625,172.91726684570312,0.6149656462703096,0.6149656462703096,0.8147709369659424
29_png.rf.6123f6b17b0b0752cc729beefa04a070.jpg,1455.5000000639998,173.49999994799998,1454.971435546875,173.25851440429688,0.5811159235306967,0.5811159235306967,0.8567472100257874
29_png.rf.6123f6b17b0b0752cc729beefa04a070.jpg,1663.5,385.00000002,1662.82080078125,382.6578063964844,2.4386845939538673,2.4386845939538673,0.7953720092773438
29_png.rf.6123f6b17b0b0752cc729beefa04a070.jpg,1662.5000000639998,547.499999952,1662.228271484375,547.1590576171875,0.43597946815456134,0.43597946815456134,0.7163546681404114
29_png.rf.6123f6b17b0b0752cc729beefa04a070.jpg,1659.9999999360002,710.9999999639999,1661.1815185546875,709.8029174804688,1.6819609741851507,1.6819609741851507,0.8215138912200928
29_png.rf.6123f6b17b0b0752cc729beefa04a070.jpg,1450.5,917.49999996,1451.34326171875,917.1878662109375,0.8991761805191438,0.8991761805191438,0.7933689951896667
29_png.rf.6123f6b17b0b0752cc729beefa04a070.jpg,1287.5000000639998,917.49999996,1288.47216796875,917.4844970703125,0.9722915070158222,0.9722915070158222,0.8298044204711914
29_png.rf.6123f6b17b0b0752cc729beefa04a070.jpg,801.500000064,918.0,802.0932006835938,917.586669921875,0.7229998122885104,0.7229998122885104,0.8113904595375061
29_png.rf.6123f6b17b0b0752cc729beefa04a070.jpg,639.0,916.4999999879999,639.120849609375,917.1204833984375,0.6321426189669274,0.6321426189669274,0.8405595421791077
29_png.rf.6123f6b17b0b0752cc729beefa04a070.jpg,476.499999936,917.49999996,476.54010009765625,916.974853515625,0.5266752424450284,0.5266752424450284,0.7833430767059326
29_png.rf.6123f6b17b0b0752cc729beefa04a070.jpg,265.5,709.499999952,266.07244873046875,709.776611328125,0.6357762203928522,0.6357762203928522,0.8022096753120422
29_png.rf.6123f6b17b0b0752cc729beefa04a070.jpg,265.5,547.00000002,265.226806640625,546.7022094726562,0.4041210483183195,0.4041210483183195,0.7789977788925171
29_png.rf.6123f6b17b0b0752cc729beefa04a070.jpg,265.5,382.500000036,264.50146484375,383.186767578125,1.2119084599026455,1.2119084599026455,0.8431954383850098
2_png.rf.e294eab9e1b8504f18e1964e03f9e9e5.jpg,1051.5,618.9999999480001,1052.5498046875,618.763916015625,1.0760230039467842,1.0760230039467842,0.6171178817749023
2_png.rf.e294eab9e1b8504f18e1964e03f9e9e5.jpg,1107.0,604.000000044,1106.6611328125,603.3292846679688,0.7514586391870727,0.7514586391870727,0.7571885585784912
2_png.rf.e294eab9e1b8504f18e1964e03f9e9e5.jpg,1155.9999999359998,590.500000044,1155.723876953125,590.976318359375,0.5505661079592051,0.5505661079592051,0.8119438290596008
2_png.rf.e294eab9e1b8504f18e1964e03f9e9e5.jpg,1245.5000000639998,567.0,1246.299072265625,565.8154296875,1.4288888020649217,1.4288888020649217,0.5604110360145569
2_png.rf.e294eab9e1b8504f18e1964e03f9e9e5.jpg,1321.5,544.500000036,1320.3004150390625,545.5844116210938,1.6170814959033601,1.6170814959033601,0.6639758944511414
2_png.rf.e294eab9e1b8504f18e1964e03f9e9e5.jpg,1230.9999999359998,520.499999952,1231.325927734375,521.0084228515625,0.6039228216860268,0.6039228216860268,0.5765373706817627
2_png.rf.e294eab9e1b8504f18e1964e03f9e9e5.jpg,884.499999936,552.99999996,884.4053344726562,554.22607421875,1.229723398947717,1.229723398947717,0.6880348324775696
2_png.rf.e294eab9e1b8504f18e1964e03f9e9e5.jpg,831.500000064,563.500000044,832.29541015625,563.375,0.8051721715590675,0.8051721715590675,0.7339125871658325
2_png.rf.e294eab9e1b8504f18e1964e03f9e9e5.jpg,774.999999936,574.499999952,775.5958251953125,574.8910522460938,0.7126918242485721,0.7126918242485721,0.701197624206543
2_png.rf.e294eab9e1b8504f18e1964e03f9e9e5.jpg,767.000000064,601.499999952,767.2025146484375,600.9893188476562,0.5493699548061373,0.5493699548061373,0.809131383895874
2_png.rf.e294eab9e1b8504f18e1964e03f9e9e5.jpg,825.500000064,610.500000024,827.2567138671875,611.523193359375,2.032970237820845,2.032970237820845,0.6718007326126099
2_png.rf.e294eab9e1b8504f18e1964e03f9e9e5.jpg,891.0,623.0000000519999,891.6917724609375,623.4343872070312,0.816848418109352,0.816848418109352,0.8029007911682129
32_png.rf.1edd41098eb074d061f00c09470d90cf.jpg,473.000000064,173.49999994799998,473.6358642578125,173.53271484375,0.6367052201582365,0.6367052201582365,0.8534703254699707
32_png.rf.1edd41098eb074d061f00c09470d90cf.jpg,636.0,173.999999988,637.337890625,173.2400665283203,1.5386520684039162,1.5386520684039162,0.8734015822410583
32_png.rf.1edd41098eb074d061f00c09470d90cf.jpg,800.499999936,173.49999994799998,800.9517822265625,172.6574249267578,0.9560543418065447,0.9560543418065447,0.8488699197769165
32_png.rf.1edd41098eb074d061f00c09470d90cf.jpg,1127.4999999360002,173.000000016,1127.320068359375,172.54965209960938,0.4849624913993006,0.4849624913993006,0.8394265174865723
32_png.rf.1edd41098eb074d061f00c09470d90cf.jpg,1291.5,173.000000016,1291.4041748046875,173.19058227539062,0.21331681989733894,0.21331681989733894,0.8495804667472839
32_png.rf.1edd41098eb074d061f00c09470d90cf.jpg,1455.5000000639998,173.999999988,1455.0621337890625,173.39407348632812,0.7475786247317272,0.7475786247317272,0.8454384803771973
32_png.rf.1edd41098eb074d061f00c09470d90cf.jpg,1662.5000000639998,383.500000008,1662.9398193359375,383.24786376953125,0.5069651612458043,0.5069651612458043,0.7576205134391785
32_png.rf.1edd41098eb074d061f00c09470d90cf.jpg,1661.499999936,546.49999998,1662.1640625,547.297607421875,1.0378616093876234,1.0378616093876234,0.7383006811141968
32_png.rf.1edd41098eb074d061f00c09470d90cf.jpg,1661.000000064,709.9999999920001,1661.0517578125,710.0010986328125,0.05176940738914643,0.05176940738914643,0.8215517997741699
32_png.rf.1edd41098eb074d061f00c09470d90cf.jpg,1451.499999936,918.0,1451.1888427734375,917.4359741210938,0.6441614486213146,0.6441614486213146,0.7768818140029907
32_png.rf.1edd41098eb074d061f00c09470d90cf.jpg,1288.5,918.0,1288.482666015625,917.5799560546875,0.4204014545740812,0.4204014545740812,0.8349311947822571
32_png.rf.1edd41098eb074d061f00c09470d90cf.jpg,1126.5,918.0,1125.900390625,917.6707763671875,0.6840464918338157,0.6840464918338157,0.8458435535430908
32_png.rf.1edd41098eb074d061f00c09470d90cf.jpg,801.500000064,918.0,802.1044311523438,917.6405029296875,0.7032603245738197,0.7032603245738197,0.8104174733161926
32_png.rf.1edd41098eb074d061f00c09470d90cf.jpg,639.0,917.0000000279999,639.044189453125,917.2838134765625,0.28723297399926845,0.28723297399926845,0.8389918208122253
32_png.rf.1edd41098eb074d061f00c09470d90cf.jpg,476.00000006400006,917.0000000279999,476.4869689941406,917.3402099609375,0.5940383299010505,0.5940383299010505,0.8106391429901123
32_png.rf.1edd41098eb074d061f00c09470d90cf.jpg,266.499999936,709.499999952,266.20477294921875,709.696044921875,0.35439046818051156,0.35439046818051156,0.8000747561454773
32_png.rf.1edd41098eb074d061f00c09470d90cf.jpg,265.5,547.00000002,265.662109375,546.7098388671875,0.33237470430882493,0.33237470430882493,0.7795295715332031
32_png.rf.1edd41098eb074d061f00c09470d90cf.jpg,264.999999936,383.500000008,264.6279296875,383.4061279296875,0.38372937977896704,0.38372937977896704,0.8446338772773743
77_png.rf.255db85931c9fbf597fd7c63e341d1dc.jpg,678.500000064,474.99999998400006,678.698486328125,474.5657653808594,0.4774478899430193,0.4774478899430193,0.884767472743988
77_png.rf.255db85931c9fbf597fd7c63e341d1dc.jpg,795.999999936,447.500000052,796.2498168945312,446.8936767578125,0.6557716445869027,0.6557716445869027,0.618846595287323
77_png.rf.255db85931c9fbf597fd7c63e341d1dc.jpg,906.999999936,421.500000024,906.3448486328125,421.9889221191406,0.8174766328067101,0.8174766328067101,0.7562626004219055
77_png.rf.255db85931c9fbf597fd7c63e341d1dc.jpg,1110.9999999359998,373.499999964,1110.3857421875,373.874267578125,0.7192974548647008,0.7192974548647008,0.6931180953979492
77_png.rf.255db85931c9fbf597fd7c63e341d1dc.jpg,1205.0000000639998,351.99999997200007,1204.689697265625,351.54425048828125,0.5513577954370356,0.5513577954370356,0.5914628505706787
77_png.rf.255db85931c9fbf597fd7c63e341d1dc.jpg,1293.999999936,331.00000002,1293.6494140625,330.22430419921875,0.85124289193818,0.85124289193818,0.7949368953704834
77_png.rf.255db85931c9fbf597fd7c63e341d1dc.jpg,1519.5,338.499999972,1519.333984375,338.059326171875,0.4709082563098247,0.4709082563098247,0.8237371444702148
77_png.rf.255db85931c9fbf597fd7c63e341d1dc.jpg,1616.499999936,366.000000012,1616.040283203125,366.44757080078125,0.6416066438679866,0.6416066438679866,0.615618109703064
77_png.rf.255db85931c9fbf597fd7c63e341d1dc.jpg,1720.5,395.499999996,1720.500732421875,395.08612060546875,0.4138800385961008,0.4138800385961008,0.7990573644638062
77_png.rf.255db85931c9fbf597fd7c63e341d1dc.jpg,1756.5,471.500000028,1756.80029296875,471.16412353515625,0.4505428786760458,0.4505428786760458,0.6558179259300232
77_png.rf.255db85931c9fbf597fd7c63e341d1dc.jpg,1666.5,500.49999997199996,1666.91455078125,500.23529052734375,0.4918571340594562,0.4918571340594562,0.6735666990280151
77_png.rf.255db85931c9fbf597fd7c63e341d1dc.jpg,1569.5000000640002,531.499999968,1570.079345703125,531.2120361328125,0.6469656404700155,0.6469656404700155,0.7805042266845703
77_png.rf.255db85931c9fbf597fd7c63e341d1dc.jpg,1358.0000000639998,598.5000000360001,1358.24658203125,598.5777587890625,0.25855191016662965,0.25855191016662965,0.7393569350242615
77_png.rf.255db85931c9fbf597fd7c63e341d1dc.jpg,1240.5,635.4999999720001,1240.807373046875,635.5970458984375,0.3223291823327827,0.3223291823327827,0.8009253740310669
77_png.rf.255db85931c9fbf597fd7c63e341d1dc.jpg,1115.0000000639998,675.50000004,1114.7869873046875,675.8253173828125,0.3888519116121142,0.3888519116121142,0.8034654855728149
77_png.rf.255db85931c9fbf597fd7c63e341d1dc.jpg,801.0,660.99999996,801.0906982421875,661.0589599609375,0.10817787595648265,0.10817787595648265,0.787108302116394
77_png.rf.255db85931c9fbf597fd7c63e341d1dc.jpg,705.500000064,612.0000000360001,705.6180419921875,611.6226806640625,0.39535276051848556,0.39535276051848556,0.8196383118629456
77_png.rf.255db85931c9fbf597fd7c63e341d1dc.jpg,618.500000064,566.0000000279999,617.8990478515625,565.9473266601562,0.6032562020514404,0.6032562020514404,0.7778550386428833
78_png.rf.e4113b07a8da6a1795e7bb7519fab19a.jpg,372.500000064,96.00000001200002,372.476318359375,96.2449722290039,0.24611422193312496,0.24611422193312496,0.768028199672699
78_png.rf.e4113b07a8da6a1795e7bb7519fab19a.jpg,573.0,96.00000001200002,572.8487548828125,96.59805297851562,0.6168812172786441,0.6168812172786441,0.7873669862747192
78_png.rf.e4113b07a8da6a1795e7bb7519fab19a.jpg,771.500000064,96.00000001200002,771.9930419921875,96.70703887939453,0.8619711729271244,0.8619711729271244,0.7614551782608032
78_png.rf.e4113b07a8da6a1795e7bb7519fab19a.jpg,1170.5000000639998,93.99999996,1170.222412109375,94.0239028930664,0.27861518760100823,0.27861518760100823,0.8066747784614563
78_png.rf.e4113b07a8da6a1795e7bb7519fab19a.jpg,1369.5,92.49999994800001,1369.77685546875,92.46903228759766,0.27858202843611024,0.27858202843611024,0.7597403526306152
78_png.rf.e4113b07a8da6a1795e7bb7519fab19a.jpg,1571.000000064,91.499999976,1570.9228515625,91.34406280517578,0.1739778506832329,0.1739778506832329,0.7866877913475037
78_png.rf.e4113b07a8da6a1795e7bb7519fab19a.jpg,1821.9999999360002,336.99999996,1822.31689453125,336.8944396972656,0.33401370266364244,0.33401370266364244,0.7946525812149048
78_png.rf.e4113b07a8da6a1795e7bb7519fab19a.jpg,1823.4999999359998,537.9999999480001,1823.5330810546875,538.3466796875,0.34825450778612144,0.34825450778612144,0.7675840258598328
78_png.rf.e4113b07a8da6a1795e7bb7519fab19a.jpg,1824.9999999360002,740.0000000160001,1825.39453125,740.671630859375,0.7789370626045001,0.7789370626045001,0.7322412133216858
78_png.rf.e4113b07a8da6a1795e7bb7519fab19a.jpg,1577.0000000640002,987.999999984,1577.20947265625,987.8917236328125,0.23580189806345525,0.23580189806345525,0.7575425505638123
78_png.rf.e4113b07a8da6a1795e7bb7519fab19a.jpg,1374.5000000640002,987.500000052,1374.490234375,988.707275390625,1.2073148354649308,1.2073148354649308,0.8274779915809631
78_png.rf.e4113b07a8da6a1795e7bb7519fab19a.jpg,1175.0000000639998,987.999999984,1174.746337890625,988.3335571289062,0.4190523441280193,0.4190523441280193,0.7524963617324829
78_png.rf.e4113b07a8da6a1795e7bb7519fab19a.jpg,774.0,989.499999996,773.836669921875,989.6692504882812,0.2352072353431113,0.2352072353431113,0.8419686555862427
78_png.rf.e4113b07a8da6a1795e7bb7519fab19a.jpg,574.5,990.499999968,573.6721801757812,990.0921630859375,0.9228307449039729,0.9228307449039729,0.8238070607185364
78_png.rf.e4113b07a8da6a1795e7bb7519fab19a.jpg,372.0,991.000000008,371.921630859375,991.8080444335938,0.8118358922438619,0.8118358922438619,0.7815091013908386
78_png.rf.e4113b07a8da6a1795e7bb7519fab19a.jpg,125.00000006399998,742.5,125.3910903930664,743.3604736328125,0.9451806802166606,0.9451806802166606,0.789184033870697
78_png.rf.e4113b07a8da6a1795e7bb7519fab19a.jpg,126.500000064,542.0000000520001,126.29696655273438,542.46728515625,0.509487954078073,0.509487954078073,0.8229392170906067
78_png.rf.e4113b07a8da6a1795e7bb7519fab19a.jpg,127.5,340.500000024,127.37493896484375,341.8028564453125,1.308844955321155,1.308844955321155,0.8009849190711975
94_png.rf.914de818a4ff0d086b7cb41abc8b95fd.jpg,679.5,877.5,679.898681640625,877.1065673828125,0.5601216607474198,0.5601216607474198,0.765376627445221
94_png.rf.914de818a4ff0d086b7cb41abc8b95fd.jpg,572.499999936,739.000000044,573.285400390625,739.3604736328125,0.8641730627348528,0.8641730627348528,0.5078681111335754
94_png.rf.914de818a4ff0d086b7cb41abc8b95fd.jpg,813.999999936,491.50000000800003,813.7991943359375,491.19915771484375,0.36170288133769013,0.36170288133769013,0.5429004430770874
94_png.rf.914de818a4ff0d086b7cb41abc8b95fd.jpg,1019.000000064,510.50000001600006,1019.8782958984375,510.83665466308594,0.9406061472235726,0.9406061472235726,0.6101191639900208
94_png.rf.914de818a4ff0d086b7cb41abc8b95fd.jpg,1076.499999936,537.9999999480001,1074.6480712890625,537.7685546875,1.8663350776202265,1.8663350776202265,0.6924965977668762
94_png.rf.914de818a4ff0d086b7cb41abc8b95fd.jpg,1141.5,569.0000000519999,1140.001220703125,569.3326416015625,1.5352490941982424,1.5352490941982424,0.5908326506614685
94_png.rf.914de818a4ff0d086b7cb41abc8b95fd.jpg,1296.5000000640002,643.4999999639999,1296.5166015625,643.0716552734375,0.4286662847547708,0.4286662847547708,0.5570745468139648
94_png.rf.914de818a4ff0d086b7cb41abc8b95fd.jpg,1392.9999999359998,689.4999999720001,1391.744140625,689.8241577148438,1.2970199887705356,1.2970199887705356,0.5651761889457703
94_png.rf.914de818a4ff0d086b7cb41abc8b95fd.jpg,1460.0000000639998,867.499999956,1459.848388671875,867.26708984375,0.2779085004283347,0.2779085004283347,0.5736368894577026
94_png.rf.914de818a4ff0d086b7cb41abc8b95fd.jpg,1271.499999936,903.5000000279999,1272.92333984375,903.2044067382812,1.4537096979522788,1.4537096979522788,0.6022199392318726
94_png.rf.914de818a4ff0d086b7cb41abc8b95fd.jpg,1065.5000000639998,942.9999999479999,1066.504638671875,942.8912353515625,1.0105090152352167,1.0105090152352167,0.6143921613693237
