image,gallery_file,ground_truth_total,predicted_total,correct_total,wrong_class,false_positive,missed,total_errors,gt_dot,predicted_dot,correct_dot,missed_dot,false_positive_dot
100_png.rf.1d10e5312c53cc3fb4e0bf319dd466ba.jpg,100_png.rf.1d10e5312c53cc3fb4e0bf319dd466ba_errors.jpg,29,24,17,1,6,11,18,18,13,8,10,5
108_png.rf.7bd2f9160e38391af93d2d6ebaaf966a.jpg,108_png.rf.7bd2f9160e38391af93d2d6ebaaf966a_errors.jpg,34,34,32,0,2,2,4,18,17,16,2,1
117_png.rf.8cc2251ee5c44b6bd3734b39795c7cc9.jpg,117_png.rf.8cc2251ee5c44b6bd3734b39795c7cc9_errors.jpg,27,27,27,0,0,0,0,18,18,18,0,0
129_png.rf.eb2bbec526ed5285770c494673de2c04.jpg,129_png.rf.eb2bbec526ed5285770c494673de2c04_errors.jpg,27,24,19,0,5,8,13,18,15,10,8,5
142_png.rf.7094e2d69746d686d71b971d474ae84d.jpg,142_png.rf.7094e2d69746d686d71b971d474ae84d_errors.jpg,31,31,31,0,0,0,0,18,18,18,0,0
147_png.rf.f75092db32c867f5974bd801ebff4919.jpg,147_png.rf.f75092db32c867f5974bd801ebff4919_errors.jpg,33,29,27,0,2,6,8,18,16,14,4,2
156_png.rf.be7d3c328dad9ee7e3722259541a79d5.jpg,156_png.rf.be7d3c328dad9ee7e3722259541a79d5_errors.jpg,23,23,18,0,5,5,10,18,18,13,5,5
171_png.rf.e0f78688a6d730302708d2eec60a4bdf.jpg,171_png.rf.e0f78688a6d730302708d2eec60a4bdf_errors.jpg,34,35,32,0,3,2,5,18,19,16,2,3
175_png.rf.3bb291132648e4ddc6318584b8fab3f6.jpg,175_png.rf.3bb291132648e4ddc6318584b8fab3f6_errors.jpg,34,18,12,1,5,21,27,18,14,9,9,5
179_png.rf.61fcb6e012295881e5f82e05b6d15283.jpg,179_png.rf.61fcb6e012295881e5f82e05b6d15283_errors.jpg,32,32,24,1,7,7,15,18,18,11,7,7
180_png.rf.d95ed08408ababb588c6d1af919a1ba5.jpg,180_png.rf.d95ed08408ababb588c6d1af919a1ba5_errors.jpg,33,28,22,0,6,11,17,18,15,9,9,6
190_png.rf.24ed612fdc752703c31861be4bc95545.jpg,190_png.rf.24ed612fdc752703c31861be4bc95545_errors.jpg,26,25,25,0,0,1,1,18,18,18,0,0
19_png.rf.9bdb39240f3b93c04a458babb9612353.jpg,19_png.rf.9bdb39240f3b93c04a458babb9612353_errors.jpg,26,26,26,0,0,0,0,18,18,18,0,0
20_png.rf.52c78aebcebbb16b65b30edf6e6dc4a5.jpg,20_png.rf.52c78aebcebbb16b65b30edf6e6dc4a5_errors.jpg,25,25,25,0,0,0,0,18,18,18,0,0
29_png.rf.6123f6b17b0b0752cc729beefa04a070.jpg,29_png.rf.6123f6b17b0b0752cc729beefa04a070_errors.jpg,29,30,29,0,1,0,1,17,18,17,0,1
2_png.rf.e294eab9e1b8504f18e1964e03f9e9e5.jpg,2_png.rf.e294eab9e1b8504f18e1964e03f9e9e5_errors.jpg,29,4,4,0,0,25,25,18,1,1,17,0
32_png.rf.1edd41098eb074d061f00c09470d90cf.jpg,32_png.rf.1edd41098eb074d061f00c09470d90cf_errors.jpg,23,23,23,0,0,0,0,18,18,18,0,0
77_png.rf.255db85931c9fbf597fd7c63e341d1dc.jpg,77_png.rf.255db85931c9fbf597fd7c63e341d1dc_errors.jpg,31,32,31,0,1,0,1,18,18,18,0,0
78_png.rf.e4113b07a8da6a1795e7bb7519fab19a.jpg,78_png.rf.e4113b07a8da6a1795e7bb7519fab19a_errors.jpg,29,31,29,0,2,0,2,18,18,18,0,0
94_png.rf.914de818a4ff0d086b7cb41abc8b95fd.jpg,94_png.rf.914de818a4ff0d086b7cb41abc8b95fd_errors.jpg,27,24,22,0,2,5,7,18,15,13,5,2
