threshold,class_id,class_name,tp,fp,fn,precision,recall,f1
0.05,0,Black,17,1,3,0.9444444444444444,0.85,0.8947368421052632
0.05,1,Cue,20,2,0,0.9090909090909091,1.0,0.9523809523809523
0.05,2,Dot,290,82,69,0.7795698924731183,0.807799442896936,0.7934336525307798
0.05,3,Solid,85,13,12,0.8673469387755102,0.8762886597938144,0.8717948717948717
0.05,4,Striped,79,15,7,0.8404255319148937,0.9186046511627907,0.8777777777777779
0.05,-1,all,491,113,91,0.8129139072847682,0.8436426116838488,0.8279932546374367
0.1,0,Black,17,1,3,0.9444444444444444,0.85,0.8947368421052632
0.1,1,Cue,20,2,0,0.9090909090909091,1.0,0.9523809523809523
0.1,2,Dot,290,70,69,0.8055555555555556,0.807799442896936,0.8066759388038943
0.1,3,Solid,85,10,12,0.8947368421052632,0.8762886597938144,0.8854166666666666
0.1,4,Striped,77,12,9,0.8651685393258427,0.8953488372093024,0.88
0.1,-1,all,489,95,93,0.8373287671232876,0.8402061855670103,0.8387650085763293
0.2,0,Black,17,1,3,0.9444444444444444,0.85,0.8947368421052632
0.2,1,Cue,20,2,0,0.9090909090909091,1.0,0.9523809523809523
0.2,2,Dot,286,54,73,0.8411764705882353,0.7966573816155988,0.8183118741058654
0.2,3,Solid,84,8,13,0.9130434782608695,0.865979381443299,0.8888888888888888
0.2,4,Striped,77,7,9,0.9166666666666666,0.8953488372093024,0.9058823529411765
0.2,-1,all,484,72,98,0.8705035971223022,0.8316151202749141,0.8506151142355008
0.25,0,Black,17,1,3,0.9444444444444444,0.85,0.8947368421052632
0.25,1,Cue,20,2,0,0.9090909090909091,1.0,0.9523809523809523
0.25,2,Dot,285,51,74,0.8482142857142857,0.7938718662952646,0.8201438848920864
0.25,3,Solid,84,8,13,0.9130434782608695,0.865979381443299,0.8888888888888888
0.25,4,Striped,76,6,10,0.926829268292683,0.8837209302325582,0.9047619047619047
0.25,-1,all,482,68,100,0.8763636363636363,0.8281786941580757,0.8515901060070671
0.3,0,Black,17,1,3,0.9444444444444444,0.85,0.8947368421052632
0.3,1,Cue,20,2,0,0.9090909090909091,1.0,0.9523809523809523
0.3,2,Dot,283,48,76,0.8549848942598187,0.7883008356545961,0.8202898550724638
0.3,3,Solid,83,7,14,0.9222222222222223,0.8556701030927835,0.8877005347593583
0.3,4,Striped,76,5,10,0.9382716049382716,0.8837209302325582,0.9101796407185628
0.3,-1,all,479,63,103,0.8837638376383764,0.8230240549828178,0.8523131672597866
0.4,0,Black,16,1,4,0.9411764705882353,0.8,0.8648648648648648
0.4,1,Cue,20,2,0,0.9090909090909091,1.0,0.9523809523809523
0.4,2,Dot,281,42,78,0.8699690402476781,0.7827298050139275,0.8240469208211143
0.4,3,Solid,83,3,14,0.9651162790697675,0.8556701030927835,0.907103825136612
0.4,4,Striped,75,2,11,0.974025974025974,0.872093023255814,0.9202453987730062
0.4,-1,all,475,50,107,0.9047619047619048,0.8161512027491409,0.8581752484191508
0.5,0,Black,16,1,4,0.9411764705882353,0.8,0.8648648648648648
0.5,1,Cue,20,2,0,0.9090909090909091,1.0,0.9523809523809523
0.5,2,Dot,278,40,81,0.8742138364779874,0.7743732590529248,0.8212703101920237
0.5,3,Solid,82,2,15,0.9761904761904762,0.845360824742268,0.9060773480662984
0.5,4,Striped,73,2,13,0.9733333333333334,0.8488372093023255,0.906832298136646
0.5,-1,all,469,47,113,0.9089147286821705,0.8058419243986255,0.8542805100182149
0.6,0,Black,16,0,4,1.0,0.8,0.888888888888889
0.6,1,Cue,19,2,1,0.9047619047619048,0.95,0.9268292682926829
0.6,2,Dot,268,35,91,0.8844884488448845,0.7465181058495822,0.8096676737160121
0.6,3,Solid,81,1,16,0.9878048780487805,0.8350515463917526,0.9050279329608938
0.6,4,Striped,73,2,13,0.9733333333333334,0.8488372093023255,0.906832298136646
0.6,-1,all,457,40,125,0.9195171026156942,0.7852233676975945,0.8470806302131604
0.7,0,Black,15,0,5,1.0,0.75,0.8571428571428571
0.7,1,Cue,17,1,3,0.9444444444444444,0.85,0.8947368421052632
0.7,2,Dot,251,30,108,0.8932384341637011,0.6991643454038997,0.784375
0.7,3,Solid,80,1,17,0.9876543209876543,0.8247422680412371,0.898876404494382
0.7,4,Striped,72,1,14,0.9863013698630136,0.8372093023255814,0.9056603773584905
0.7,-1,all,435,33,147,0.9294871794871795,0.7474226804123711,0.8285714285714285
