source_id,image,dots,boxes,median_ball_px,median_dot_px,dhash
95,95_png.rf.03182e61750c77320a1463bb756ed0cf.jpg,18,32,16.25,11.83,7070336b6b73531c
177,177_png.rf.44e0980f0a0137fa46f4a9ac8c51e603.jpg,18,34,26.22,12.96,f5f3f89e1f8ecc71
136,136_png.rf.e99c3dfd6e84ce294cdabc3bb5ee8a75.jpg,18,30,28.43,12.72,80133f2313330f60
72,72_png.rf.d71504fccb884a26e91b51ad8efcd509.jpg,18,32,29.49,14.00,d1cd8e169687ec68
89,89_png.rf.f6d530aecfb9a6a925bb6db4a606a529.jpg,18,28,30.50,17.55,2a9771581f9fcec8
193,193_png.rf.0d9b4209cb5fb72ec5b2eed87c2f25cc.jpg,18,23,37.99,17.00,e22b0f0f4d07cee8
155,155_png.rf.f3ae78698646b2d6f43fe88d2d1752f4.jpg,18,29,41.95,11.49,2d0f17970a33cccc
66,66_png.rf.4cae8e3276f22572dc03614ba2654a27.jpg,18,24,44.49,14.00,86840ccc04099286
45,45_png.rf.43f0ee51239a195f99b51eccc4d2a8f2.jpg,18,33,46.00,14.00,960e03232d1717d6
96,96_png.rf.99112aad2385b754f6a041d89282c4f9.jpg,18,24,63.25,17.55,d6540e1f0f4ddc1c
