confidence,image,dot_count,rail_count,rail_supports,assigned_dot_count,outlier_count,valid,corner_mean_error_px,corner_max_error_px,corner_mean_error_diagonal_fraction,agrees_0_5pct,agrees_1pct,warnings,overlay
0.3,100_png.rf.1d10e5312c53cc3fb4e0bf319dd466ba.jpg,18,4,6/3/6/3,18,0,True,1.5328730579628747,1.8200454786350821,0.0006958409681446577,True,True,,100_png.rf.1d10e5312c53cc3fb4e0bf319dd466ba_rails.jpg
0.3,108_png.rf.7bd2f9160e38391af93d2d6ebaaf966a.jpg,18,4,3/6/3/6,18,0,True,2.410005957457309,3.4448269410247394,0.0010940115816896968,True,True,,108_png.rf.7bd2f9160e38391af93d2d6ebaaf966a_rails.jpg
0.3,117_png.rf.8cc2251ee5c44b6bd3734b39795c7cc9.jpg,18,4,3/6/3/6,18,0,True,1.4910620890891086,1.7956054250997402,0.0006768610631166106,True,True,,117_png.rf.8cc2251ee5c44b6bd3734b39795c7cc9_rails.jpg
0.3,129_png.rf.eb2bbec526ed5285770c494673de2c04.jpg,22,4,3/8/3/8,22,0,True,2.04901492511327,5.163959908161325,0.0009301412937144877,True,True,,129_png.rf.eb2bbec526ed5285770c494673de2c04_rails.jpg
0.3,142_png.rf.7094e2d69746d686d71b971d474ae84d.jpg,18,4,3/6/3/6,18,0,True,1.1981657292334544,2.105818922584761,0.0005439020515733726,True,True,,142_png.rf.7094e2d69746d686d71b971d474ae84d_rails.jpg
0.3,147_png.rf.f75092db32c867f5974bd801ebff4919.jpg,18,4,7/3/5/3,18,0,True,2.172718799926564,3.8368203131345955,0.0009862961224305215,True,True,,147_png.rf.f75092db32c867f5974bd801ebff4919_rails.jpg
0.3,156_png.rf.be7d3c328dad9ee7e3722259541a79d5.jpg,18,4,3/6/3/6,18,0,True,1.537724792084445,1.9697511615514822,0.000698043391463925,True,True,,156_png.rf.be7d3c328dad9ee7e3722259541a79d5_rails.jpg
0.3,171_png.rf.e0f78688a6d730302708d2eec60a4bdf.jpg,21,4,3/9/3/6,21,0,True,1.5525167973850609,2.2419498274411915,0.0007047581570707133,True,True,,171_png.rf.e0f78688a6d730302708d2eec60a4bdf_rails.jpg
0.3,175_png.rf.3bb291132648e4ddc6318584b8fab3f6.jpg,29,4,4/11/4/10,29,0,True,8.91289918832202,17.411458169607695,0.004045971300728503,True,True,,175_png.rf.3bb291132648e4ddc6318584b8fab3f6_rails.jpg
0.3,179_png.rf.61fcb6e012295881e5f82e05b6d15283.jpg,22,4,3/8/4/7,22,0,True,1.0272106104849124,1.6260629507912554,0.0004662977289444915,True,True,,179_png.rf.61fcb6e012295881e5f82e05b6d15283_rails.jpg
0.3,180_png.rf.d95ed08408ababb588c6d1af919a1ba5.jpg,21,4,3/8/4/5,20,1,True,2.8352667971286194,4.5828081059404076,0.0012870568654160296,True,True,,180_png.rf.d95ed08408ababb588c6d1af919a1ba5_rails.jpg
0.3,190_png.rf.24ed612fdc752703c31861be4bc95545.jpg,19,4,4/6/3/6,19,0,True,1.547405324614206,2.649742792761217,0.0007024378265364658,True,True,,190_png.rf.24ed612fdc752703c31861be4bc95545_rails.jpg
0.3,19_png.rf.9bdb39240f3b93c04a458babb9612353.jpg,18,4,3/6/3/6,18,0,True,0.5657963820894862,1.0572391769811231,0.00025684077376185975,True,True,,19_png.rf.9bdb39240f3b93c04a458babb9612353_rails.jpg
0.3,20_png.rf.52c78aebcebbb16b65b30edf6e6dc4a5.jpg,18,4,3/6/3/6,18,0,True,0.6101432011377531,0.9025005311528955,0.00027697181679923387,True,True,,20_png.rf.52c78aebcebbb16b65b30edf6e6dc4a5_rails.jpg
0.3,29_png.rf.6123f6b17b0b0752cc729beefa04a070.jpg,18,4,6/3/6/3,18,0,True,1.9632718629011128,2.192261899580531,0.0008912186085570583,True,True,,29_png.rf.6123f6b17b0b0752cc729beefa04a070_rails.jpg
0.3,2_png.rf.e294eab9e1b8504f18e1964e03f9e9e5.jpg,24,3,9/8/5,22,2,False,,,,False,False,four_rails_not_found:3/4,2_png.rf.e294eab9e1b8504f18e1964e03f9e9e5_rails.jpg
0.3,32_png.rf.1edd41098eb074d061f00c09470d90cf.jpg,18,4,6/3/6/3,18,0,True,0.6724981423824226,0.8998358976017207,0.00030527756753240704,True,True,,32_png.rf.1edd41098eb074d061f00c09470d90cf_rails.jpg
0.3,77_png.rf.255db85931c9fbf597fd7c63e341d1dc.jpg,21,4,8/4/6/3,21,0,True,0.6884038234299106,0.9399687400919008,0.0003124978813356863,True,True,,77_png.rf.255db85931c9fbf597fd7c63e341d1dc_rails.jpg
0.3,78_png.rf.e4113b07a8da6a1795e7bb7519fab19a.jpg,18,4,6/3/6/3,18,0,True,0.5934542572457464,0.8931919331088222,0.00026939594428011034,True,True,,78_png.rf.e4113b07a8da6a1795e7bb7519fab19a_rails.jpg
0.3,94_png.rf.914de818a4ff0d086b7cb41abc8b95fd.jpg,22,3,8/7/4,19,3,False,,,,False,False,four_rails_not_found:3/4,94_png.rf.914de818a4ff0d086b7cb41abc8b95fd_rails.jpg
